Inner Diameter,Outer Diameter,Thickness
4.936608314043211,5.77632667824074,0.8397183641975294
4.908128858024691,5.757942708333334,0.8498138503086432
4.940225212191358,5.868390721450618,0.9281655092592604
